id,nickname,ttSeller,signature,uniqueId,followerCount,followingCount,friendCount,heartCount,videoCount,diggCount,profileUrl,language
6968723545640600578,CountOnCaloi,False,Collecting and unboxing a lot of stuff ğŸ˜…,countoncaloi,28900,309,0,243300,274,3075,tiktok.com/@countoncaloi,English
6569945328099065858,Redzki RedğŸ‡¸ğŸ‡¦ğŸ‡µğŸ‡­,False,Tiktok SHOPğŸ‡¸ğŸ‡¦55% OFF DISCOUNT CODE: RED518 FOLLOW ME ON FB,redzki_red,406100,63,0,5600000,3111,3843,tiktok.com/@redzki_red,Indonesian
7232507611990590465,Nepali_line,False,"My life my choices, My mistakes my lessons, Not your business. Thank you.",nepaliline890,9367,18,0,577700,535,213,tiktok.com/@nepaliline890,Nepali
6884861340092269573,genipool,False,Contact me ğŸ‘‡ğŸ‘‡ğŸ‘‡,genipool14,1900000,6,0,25600000,203,10,tiktok.com/@genipool14,English
7344181018694124590,Lovequotes,False,"â¤ï¸ Life is Love , Love is Lifeâ¤ï¸ â¤ï¸â¤ï¸â¤ï¸â¤ï¸â¤ï¸â¤ï¸ ğŸ™ğŸ™ğŸ™ğŸ™ğŸ™ğŸ™",bestlovequotess,149700,6,0,523900,63,699,tiktok.com/@bestlovequotess,English
7108406776059905030,Garima Ramjali âœï¸,False,à¤¨à¤¯à¤¾ à¤—à¤¿à¤¤ : à¤¹à¥à¤¨à¥à¤¨ à¤…à¤¬ à¤¤ ğŸ¶ Fecebook : Garima Ramjali YouTube: Garima Ramjali ğŸ™â¤ï¸ğŸ«‚,garimaramjali8,92600,53,0,3000000,2098,2499,tiktok.com/@garimaramjali8,Nepali
7326539250726978592,Funny,False,ğŸ˜Šâ˜ºï¸ğŸ˜˜ğŸ¤£ğŸ˜‚ğŸ¥°,funny_dog272,266600,0,0,2200000,72,0,tiktok.com/@funny_dog272,English
7054516163045524481,Ronuelâ€¢OfficialğŸ‡µğŸ‡­ğŸ›¸ğŸ”¥,False,SECOND ACCOUNT SPAM LIKEğŸš« BANNED ğŸš« FB:Ronuel Devosora Quidip ğŸ˜âœŒï¸,ronuelquidip,317600,279,0,2800000,246,3912,tiktok.com/@ronuelquidip,English
7318725772369118226,à¼àº¶â€¿à¼àº¶,False,ACC phá»¥ @hihi @thÃ­c makeup nhÆ°ng flop???,hiluhilu___,7722,4,0,163400,28,37,tiktok.com/@hiluhilu___,Khmer
6703002955010688002,Ekaterinakorea,False,Ğ¡Ğ¾Ñ‚Ñ€ÑƒĞ´Ğ½Ğ¸Ñ‡ĞµÑÑ‚Ğ²Ğ¾ Ğ² Ğ´Ğ¸Ñ€ĞµĞºÑ‚â™¡ Instagram â¬‡ï¸â¬‡ï¸â¬‡ï¸,ekaterinakorea,1700000,116,0,117500000,1295,11700,tiktok.com/@ekaterinakorea,Russian
6761622007051420674,M2,False,Watch K-Pop Closer with #M2  â € Meet me also on YouTubeâ¬‡ï¸,m2mpd,5200000,0,0,228500000,2029,1,tiktok.com/@m2mpd,Korean
6666425145689751554,Eê±°ë‹ˆ,False,ğŸŒ¸ì¸ìŠ¤íƒ€ insta:  egun2_2 â—ï¸youtube: eê±°ë‹ˆâ—ï¸,cardi_gkh,755500,2,0,4300000,179,417,tiktok.com/@cardi_gkh,Korean
6784727535177761793,Avira Nisha,True,"FOOD & TRAVELğŸŒ ğŸ“©helloaviraa@gmail.com ğŸ“Jakarta, Indonesia",aviranisha,4600000,15,0,202400000,713,3779,tiktok.com/@aviranisha,Indonesian
6615561636847927297,seungjae_730,False,,seungjae_730,1500000,16,0,53300000,604,4110,tiktok.com/@seungjae_730,Korean
6973278099648955393,í‚¤ìœµ,False,Keeyong(í‚¤ìœµ) SOONENT âœ‰ï¸business@soon-ent.co.kr,95keeyong,813800,62,0,14800000,1195,2991,tiktok.com/@95keeyong,Korean
6615089737580904449,HIPHOPPLAYA,False,,hiphopplaya,331800,384,0,18700000,1605,1294,tiktok.com/@hiphopplaya,English
7122791694701872130,æ¸¡éŸ“ã™ã‚‹ã‚¢ã‚«ã‚¦ãƒ³ãƒˆğŸ‡°ğŸ‡·,False,ï¼¼JOAHç·¨é›†éƒ¨ãŒéŸ“å›½æƒ…å ±ç™ºä¿¡ä¸­ï¼ éŸ“å›½ã¨æ—¥æœ¬ã‚’è¡Œã£ãŸã‚Šæ¥ãŸã‚ŠğŸ‡°ğŸ‡·â‡†ğŸ‡¯ğŸ‡µï¼ éŸ“å›½ãƒªã‚¢ãƒ«ç¾åœ°æƒ…å ±ã‚’ãŠå±Šã‘ğŸ›© Qoo10ãƒ¡ã‚¬å‰²ã§ãƒ“ã‚¿ãƒŸãƒ³ã‚»ãƒƒãƒˆç™ºå£²ä¸­ğŸ«¶â†“,tokansuruyo,89700,0,0,4600000,619,237,tiktok.com/@tokansuruyo,Japanese
7007991807552472065,Babixoxo,True,IG:  Bunnyph_  ğŸ‡ Fb: Ngoc Quy Pham,babixxo,1200000,1,0,37000000,98,7264,tiktok.com/@babixxo,Vietnamese
66847862899,Bach Duong,False,ins : ng.bduongg fb : Bach Duong,ngbduongg,481700,48,0,22600000,431,417800,tiktok.com/@ngbduongg,Vietnamese
6892973482121937922,HÃ¹ng Didu,True,"If you ain't mine, you ain't fine CONTACTğŸ‘»/IG:Hungdidu",hungdidu1907,1300000,20,0,44800000,361,371,tiktok.com/@hungdidu1907,English
6528711147162451970,Vxingg,False,ğŸ¤ğŸ»ğŸ‘‡ğŸ»,vantron_01,26100,495,0,385300,174,5736,tiktok.com/@vantron_01,Chinese
6715256918355756033,ğŸ”¥Äáº¡t VillağŸ”¥,False,ğŸ”¥MÃ£i YÃªu Gia ÄÃ¬nh VillağŸ”¥ ğŸ¦ğŸ‡»ğŸ‡³â¤ï¸ğŸ‡®ğŸ‡©ğŸ‡   ğŸ”¥Team JackyğŸ”¥.        @ğŸ‡Vidhi_RğŸ‡,datvilla94,9200000,459,0,409800000,1329,23400,tiktok.com/@datvilla94,Vietnamese
7053690389546566682,Hanhtayboutique1,True,ÄC CHá»¢ SAMSUNG THÃI NGUYÃŠN CÃ“ SHIP NHáº¬T - ÄÃ€I -HÃ n,hanhtayboutique,173600,387,0,849600,2008,3323,tiktok.com/@hanhtayboutique,Vietnamese
7332855651334390786,Thá» bÃ¡ Ä‘áº¡o ğŸ‡,False,Cho tui 1 follow nha,thobadaoo,27500,8,0,522800,27,5,tiktok.com/@thobadaoo,Vietnamese
7191050110234018818,ç‘šéƒ½/koto  ğŸ±ğŸŒ»,False,æ¯æ—¥é…ä¿¡ã—ã¦ã‚‹ã‚ˆï¼ ãƒ•ã‚¡ãƒ³ãƒ:ğŸ±ğŸŒ»15ä¸‡äººæœ‰é›£ã†ã€œï¼ ã€ã‚µãƒ–å¢ã¯ãƒ•ã‚©ãƒ­ãƒ¼æ¬„ã‹ã‚‰ï¼ã€‘,nyaaa_510,156000,26,0,1100000,390,264,tiktok.com/@nyaaa_510,Japanese
7276205864649114625,AllTrot,False,ë‚¨ë…€ë…¸ì†Œ ëª¨ë‘ê°€ í•¨ê»˜í•˜ëŠ” ëª¨ë‘ì˜ íŠ¸ë¡œíŠ¸ https://youtube.com/@AllTrot,alltrot,2803,24,0,49200,135,121,tiktok.com/@alltrot,Korean
7265838258020680709,Dra. Dany D'Ãvila,False,Fake SimulaÃ§Ã£o DramatizaÃ§Ã£o Maquiagem ArtÃ­stica,dra..danydavila,2400000,5415,0,12300000,542,891,tiktok.com/@dra..danydavila,Portuguese
267762047331938305,Juliagressive,False,Life of a fairy ğŸ§šğŸ»â€â™€ï¸,juliagressive,41600,398,0,2700000,13,3456,tiktok.com/@juliagressive,English
6958036912570582022,Nikita Simpson,False,@ryderwear - NIKITA - 15% off  Fitness ğŸ’ªğŸ»  4x4 ğŸš™ ğŸ‡¦ğŸ‡º  Camping â›ºï¸  Aragon ğŸ¶,nikitasimpson257,109200,165,0,1000000,194,1973,tiktok.com/@nikitasimpson257,English
6632343259962638338,ë‹¥í„°í›„(Doctor who),False,ë¶€ê²½ëŒ€(ì¼ì–´ì¼ë¬¸) MCN(ì†Œì†ì‚¬) : witU(ìœ—ìœ ) ê¿ˆ:ëŒ€í•œë¯¼êµ­ í•™ìƒë“¤ê³¼ ì¹œí•´ì§€ê¸°,13doctorwhoo,5000000,3668,0,159100000,3867,76300,tiktok.com/@13doctorwhoo,Korean
100283142573318144,Chiáº¿n Tháº§n Sá»£ Vá»£,False,@_pnam__ Má»©c Ä‘á»™ há» khÃ¡ trung bÃ¬nh ğŸ“© Contact: Babimilo1107@gmail.com,pnam30_,389300,1,0,17800000,260,1672,tiktok.com/@pnam30_,Vietnamese
7093085662383522843,jandakesayangankamu3,False,janda kamu  bantu like video tante sampe 300k yaa ğŸ˜˜ biar bisa live,jandakesayangankamu3,86200,1606,0,268800,723,3764,tiktok.com/@jandakesayangankamu3,Indonesian
7100164107055957019,à¸«à¸™à¸¸à¹ˆà¸¡à¸ à¸¹à¸˜à¸£ à¸™à¸„à¸£à¸™à¸²à¸¢à¸,False,,pctiktok.v1,176000,478,0,927000,900,24100,tiktok.com/@pctiktok.v1,Thai
7141908218112574470,ğ™¿ğ™°ğš‚ğ™¼ğ™°ğ™»ğ™°ğŸ¥€,False,ğŸ¤ ğŒğ”ğ’ğ‹ğˆğŒ ğŸ¤       ./ğŸ‡ªğŸ‡¬/ğŸ‡«ğŸ‡· .    . Ø§Ù„Ù„Ù‡Ù… ØµÙ„ÙŠ ÙˆØ³Ù„Ù… Ø¹Ù„Ù‰ Ù†Ø¨ÙŠÙ†Ø§ Ù…Ø­Ù…Ø¯ğŸ¤âœ¨,pasmalaa29,274700,87,0,3400000,381,16300,tiktok.com/@pasmalaa29,Arabic
7239062058930521115,irisğŸŒº,False,ig: iris.vallaranii ğŸ“©collab: collabtiktokiv@gmail.com,iriss.vallaranii,1300000,61,0,59400000,302,11500,tiktok.com/@iriss.vallaranii,English
6720999207732331522,â™“ï¸03,False,,03.songngu,9716,20,0,84900,113,511,tiktok.com/@03.songngu,Chinese
7247804018125931547,í”í•œë‚¨ë§¤,False,ì´ í‹±í†¡ ì±„ë„ì„ ìœ ì§€í•˜ë ¤ë©´ íŒ”ë¡œìš°ê°€ í•„ìš”í•©ë‹ˆë‹¤. í† ë¼íŒœì„ ì‚¬ë‘í•˜ì‹ ë‹¤ë©´ íŒ”ë¡œìš°ë¡œ ì €ë¥¼ ì‘ì›í•´ì£¼ì„¸ìš”.,hhnm_fan,6459,0,0,67000,57,0,tiktok.com/@hhnm_fan,Korean
6919008991474861058,ë·°í‹°êµ,False,â™¡ì†Œê°œ ìƒí’ˆ ì •ë³´ëŠ” ì•„ë˜ ë§í¬ í™•ì¸â™¡ ì¿ íŒ¡íŒŒíŠ¸ë„ˆìŠ¤ ì¼í™˜ ì†Œì •ì˜ ìˆ˜ìˆ˜ë£Œë¥¼ ì§€ê¸‰ë°›ìŠµë‹ˆë‹¤.,beautyloungekorea,30200,43,0,1600000,526,315,tiktok.com/@beautyloungekorea,Korean
7204073705982182402,ã‚ã‚ãš,False,ç¥å¥ˆå·  ğˆğ§ğ¬ğ­ğšğ ğ«ğšğ¦,aazu.1225,12700,28,0,144300,46,2418,tiktok.com/@aazu.1225,Japanese
7140966973387850754,ã€å…¬å¼ã€‘Club TowerğŸ—¼åŒ—æ–°åœ°ã‚­ãƒ£ãƒã‚¯ãƒ©ğŸ¾,False,\åŒ—æ–°åœ°ãƒ‡ãƒ“ãƒ¥ãƒ¼ã«ã‚‚å®‰å¿ƒã®è¶…å¤§å‹ã‚­ãƒ£ãƒã‚¯ãƒ©/ ã€ã‚¯ãƒ©ãƒ–ã‚¿ãƒ¯ãƒ¼ã€‘ã§ã™ğŸ¾ ä»Šãªã‚‰ï¼ï¼å…¥åº—ç¥ã„é‡‘10ä¸‡å††âœ¨ åƒã„ã¦ã¿ãŸã„æ–¹ğŸ‘— ãŠå•ã„åˆã‚ã›ã¯ã‚¤ãƒ³ã‚¹ã‚¿DMã¾ã§ğŸ“©,club.tower.no1,5664,36,0,86500,85,498,tiktok.com/@club.tower.no1,Japanese
7074029265512367131,MissWow,False,Spread Love Not Hate â¤ï¸,misswow_livee,1300000,9994,0,16500000,680,3742,tiktok.com/@misswow_livee,English
7172436186551960577,ã¡ãƒ¼ã¾ã,False,ï¼‘ï¼˜æ­³ ã‚‰ã¶ã ã­,116tn_,269700,25,0,3000000,13,15000,tiktok.com/@116tn_,Japanese
6999949565903291418,Tráº§n HÃ  Linh,False,Acc phá»¥ : _halinhbfroblox_ Nháº­n job lh dÃ©p lÃ o khÃ´ng 98 má»™t sÃ¡u tÃ¡m 15 báº£y ba,_halinhtran_,785600,73,0,8600000,65,24100,tiktok.com/@_halinhtran_,Vietnamese
7113581545306768385,ë‹¹ë¹„ Dangbee EATING,False,ğŸ’íŒ¬ì• ì¹­ ë‹¹ê³¨ì†ë‹˜ğŸ’ë‹¹ë©°ë“¤ì–´ë²„ë¦´í…Œì•¼ ËƒÌµÍˆÌ‘á´—Ë‚ÌµÍˆÌ‘ ğŸ§¨Don't use my videoğŸ§¨ Original videoğŸ‘‡ì›ë³¸ ì˜ìƒë“¤ğŸ‘‡,dangbee_eating,5500000,19,0,132800000,714,368,tiktok.com/@dangbee_eating,Korean
7365684229570905094,tth.cj,False,Ig:jannysrz Ig:_.crzm,tth.cj,12400,0,0,158800,1,10,tiktok.com/@tth.cj,Tagalog
7274868302475609090,æœ€é«˜ã®æ¥½åœ’ğŸ‘ï¼ˆãƒ—ãƒ­ãƒ•ã‚„ã°ã„â€¦ï¼‰,False,è©³ç´°ã¯Twitterã«â€¦ğŸ‘€,ra868665579,117100,0,0,1500000,254,1655,tiktok.com/@ra868665579,Japanese
6868819692095751170,PGM GOLF VIá»†T NAM,True,"ChuyÃªn phá»¥ kiá»‡n golf, Ä‘á»“ táº­p golf. 22 ngÃµ 24 Äáº¡i Má»—, R2A Royal City. 0865708699",pgmgolfvn,35400,1431,0,491900,1754,812,tiktok.com/@pgmgolfvn,Vietnamese
7218149121729938434,å‰ç¥¥å¯º geek ã‚¬ãƒ¼ãƒ«ã‚ºãƒãƒ¼,False,ğŸ’–å‰ç¥¥å¯ºã‚¬ãƒ¼ãƒ«ã‚ºãƒãƒ¼geekğŸ’– é§…ãƒã‚«å¾’æ­©30ç§’ï¼ æ–™é‡‘ã¯ã‚¤ãƒ³ã‚¹ã‚¿ã‚’ãƒã‚§ãƒƒã‚¯ğŸŒŸ ã‚¢ãƒƒãƒˆãƒ›ãƒ¼ãƒ ãªã‚‰è² ã‘ã¾ã›ã‚“â€¼ï¸ æ±äº¬éƒ½æ­¦è”µé‡å¸‚å‰ç¥¥å¯ºä¸­ç”º1-3-3ç¬¬1ãƒ“ãƒ«,geek.kichijoji.girlsbar,3469,42,0,36500,69,124,tiktok.com/@geek.kichijoji.girlsbar,Japanese
7246018285672645634,ãƒ¨ãƒ«ãƒ‰ã‚¤ãƒ‰,False,Twiâ—‹terè¦‹ã¦ã­â¤´ï¸,yorudoid,111300,0,0,1200000,224,0,tiktok.com/@yorudoid,Japanese
6852973820581528581,â˜†ï¾Ÿ.+,False,@âœ©â‚ŠËš  we are a family .+:ï½¡ (äºº*Â´âˆ€`)+ï½¥ï½¡* instagram and youtube  â¬‡ï¸,sissypee,27700,79,0,634300,8,22000,tiktok.com/@sissypee,Japanese
6797141416935883782,Rebeca.FitğŸ’,False,Una gymrat en Tijuanaâœ¨,rebeca.leyva1,706500,100,0,4900000,331,57300,tiktok.com/@rebeca.leyva1,Spanish
6570195359337906182,êµ¬êµ¬ìŒ¤(ì£¼í˜„ì •),False,"êµ¬êµ¬ìŒ¤ ì´ë¼êµ¬â™¡ ì±„ë„ : ê¸‰ì‹ìŒ¤ë“¤, êµ¬êµ¬ëœë“œ ë¹„ì§€ë‹ˆìŠ¤ë¬¸ì˜ : teachers7business@gmail.com",j.hyeonjung,285000,61,0,2500000,132,564,tiktok.com/@j.hyeonjung,Korean
7266978801299883009,Chá»“n KhÃ´ng HÃ´iğŸ¦,False,"NgÆ°á»i Truyá»n Cáº£m Há»©ng ( Page,YTB,Lita,Änt... ) Shop Game cá»§a mÃ¬nh ğŸ‘‡",chonlui2k5ne,372000,146,0,7600000,192,489,tiktok.com/@chonlui2k5ne,Vietnamese
7360655861284373520,Há»Ÿ TÃ­ LÃ  Du Há»c,False,TÃ¬m hiá»ƒu vá» há»c bá»•ng du há»c Trung Quá»‘c tui ghim á»Ÿ dÆ°á»›iğŸ‘‡ğŸ»nÃ y nhağŸ¥° Follow me !!,hotiladuhoc,17900,1,0,1400000,103,299,tiktok.com/@hotiladuhoc,Vietnamese
7091179404198200322,TikTok for Business,False,,TikTok for Business,0,0,0,0,0,0,tiktok.com/@TikTok for Business,English
7257343280994698245,Lynkdangiu ğŸŒ·,False,,lynkdangiu06,60600,11,0,2900000,1101,3619,tiktok.com/@lynkdangiu06,Korean
7082312487165723650,Boo ThÃºi (ï½¡â—•â€¿â—•ï½¡)â•±,False,LÃª Nguyá»…n Huá»³nh Boo ğŸˆ |03-09-2021|  ğŸ’Œ Contact for work: boothui0309@gmail.com,biboo_2boys,50600,775,0,1500000,438,15600,tiktok.com/@biboo_2boys,Vietnamese
6822067093740536833,Goodmama Official,True,Forwork: 084-702-6666 Page: Goodmama NÃ¢ng bÆ°á»›c hÃ nh trÃ¬nh lÃ m máº¹ Website:,goodmamastore.com,126800,153,0,1600000,171,376,tiktok.com/@goodmamastore.com,Vietnamese
7145634520146117634,Minecraft,False,,Minecraft,0,0,0,0,0,0,tiktok.com/@Minecraft,English
6526383111071645698,Tiáº¿n QuÃ½nh âœ…,False,ğŸŒ€A - Art Team ğŸ’‹ ğ’ğ’¶ğ“ğ“ğ’¾ğ‘”ğ“‡ğ’¶ğ“…ğ’½ğ“ ğŸ’‹ 22/01/1998 YÃªn Phong  - Báº¯c Ninh,tienquynh98,271200,186,0,5100000,182,10300,tiktok.com/@tienquynh98,Vietnamese
7363864008509834256,SHOP VALI 01,True,"Kinh doanh cÃ¡c máº·t hÃ ng vali, Ä‘á»“ gia dá»¥ng",daonguyen79.com,2154,40,0,85,6,790,tiktok.com/@daonguyen79.com,Vietnamese
7195513884104475694,Klychuchek12,False,ğŸ®:2360463492 @Êœá´€É´Êœá´…á´ŠğŸ¤˜  Mua acc fefe á»Ÿ Ä‘Ã¢yğŸ‘‡ğŸ»ğŸ˜¼,zophuhanh_06,175500,8,0,3500000,285,473,tiktok.com/@zophuhanh_06,Vietnamese
7340132766040474632,Tá»T HÆ N Má»–I NGÃ€Y,False,Tá»‘t HÆ¡n 1% Má»—i NgÃ y  SÃ¡ch PhÃ¡t Triá»ƒn Báº£n ThÃ¢n Tham Kháº£o DÆ°á»›i Pháº§n TrÆ°ng BÃ y â¬‡ï¸,tothonmoingay_official,85800,50,0,1400000,271,3093,tiktok.com/@tothonmoingay_official,Vietnamese
7101608839254934530,Chang ChÃ³i Chang,False,ğŸ¤ğŸ»Forwork: 0336.339.936 ğŸ“¨Email: kol@vulaci.net  ğŸ‘‡ğŸ»ThÃ´ng tin há»c nháº£yğŸ‘‡ğŸ»,_.charmingg._,1500000,178,0,28300000,464,18700,tiktok.com/@_.charmingg._,Vietnamese
7305764086171862022,ğ‘·ğ’“ğ’ğ’ğ’Šğ’”?,False,ConTact: lyson08102005@gmail.com,promisdaxix,72500,18,0,4300000,432,8366,tiktok.com/@promisdaxix,Romanian
7244685273761596417,VUHUTU,False,@VUHUTU  TrÃ¹ng Sinh á» ÄÃ¢y Nha THÃCH ThÃ¬ Follow KO THÃCH CÅ©ng Follow NhÃ¡ ğŸ¤—ğŸ˜ğŸ¤ª,vuhutu.gr,323800,65,0,6200000,566,151,tiktok.com/@vuhutu.gr,Vietnamese
7040073404610790401,Anh chá»“ng nhiá»u chuyá»‡nâ¤ï¸,True,BÃ­ kÃ­p giá»¯ lá»­a háº¡nh phÃºc gia Ä‘Ã¬nhâ¤ï¸â€ğŸ”¥,thai_son899,70900,2,0,2400000,357,2158,tiktok.com/@thai_son899,Vietnamese
6572740432348872705,QuÃ¡ch Tuáº¥n Anh ğŸ‡»ğŸ‡³,False,ğŸ‡»ğŸ‡³ 88 VÄ©nh PhÃºc ğŸ‡»ğŸ‡³ - ChÃ o ACE nhÃ© â¤ï¸,88k1.10331,33600,115,0,1100000,472,8110,tiktok.com/@88k1.10331,Vietnamese
7137899347043173402,hw.omen_,False,1 year to live Shoptethanâ€¢vn,hw.omen_,50000,101,0,1000000,45,1231,tiktok.com/@hw.omen_,Vietnamese
77702940187,ì˜¤ëƒ¥ì†Œë‹´,False,í¼ ìƒ í¼ ì‚¬,sx.d._m,9056,48,0,149400,24,14700,tiktok.com/@sx.d._m,Korean
7348403805971809285,í•˜ëŠ˜ë°”ëŒ,False,ê°ì„± ì‚¬ì§„ ë™ì˜ìƒ. ì±Œë¦°ì§€. ìš´ë™. í”¼ì•„ë…¸,windsky1103,9853,2,0,146600,30,130,tiktok.com/@windsky1103,Korean
6582740501810905090,ì¬ìœ¤,False,,instanooy.aej,835,132,0,5509,15,3951,tiktok.com/@instanooy.aej,Korean
7209126238274585602,BHANDARI_HONIIğŸ’¦,False,@<*paglu*>,bhandari__edit,16100,38,0,637200,24,1953,tiktok.com/@bhandari__edit,Hindi
7011466399759860737,âšœï¸ğ‘‡ğ¾ğŸ³L.SğŸ³ğŸ‘®æš–è­¦å®¶æ—Tik Tokç»ƒä¹ ç”ŸÙ‰,False,â™¡*âƒÌ£âœFå°å¥‡è€å…¬1ç±³91â¤ï¸â¤ï¸Ù‰â™¡*âƒğŸ¥°ğŸ† å¾é–‹è˜è€å…¬â¤ï¸â¤ï¸ è¨±å…‰æ¼¢è€å…¬ğŸ’—ğŸ’— æ¥Škè€å…¬â¤ï¸â¤ï¸é¾é›¢ğŸ˜ é»ƒæ–‡åšè€å…¬â¤ï¸â¤ï¸,user4j3rxmkxxv,33300,293,0,537500,136,4642,tiktok.com/@user4j3rxmkxxv,Chinese
6845468792505549825,Acebicycleco,False,check out our fire high quality track components with the link in bio ğŸ”¥ğŸ”¥ğŸ†™ğŸ†™,aceacerocktheplace,17300,92,0,774800,421,2792,tiktok.com/@aceacerocktheplace,English
6850462900260717569,ìˆ˜ì˜,False,ss_yxng ì¸ìŠ¤íƒ€,josooyoung8,22500,14,0,238400,16,24200,tiktok.com/@josooyoung8,Korean
6566512328254390277,Lem,False,LinhğŸ¤ ig: linnhhh.m fb: Mai Tháº£o Linh,linnhhh.m,1200000,109,0,17500000,49,26100,tiktok.com/@linnhhh.m,Vietnamese
6921629412514038786,máº«n nhii,False,WORK : tranducbocontacts@gmail.com Xem live á»Ÿ ID : Tranducbocutelelele Emcáº£mÆ¡nğŸ¥°,mannhisaymeow,1800000,149,0,29400000,549,52900,tiktok.com/@mannhisaymeow,Vietnamese
65726233604,Viá»‡t PhÆ°Æ¡ng Thoa,False,Äá»“ dÃ¹ng tui xÃ i á»Ÿ Ä‘Ã¢y nÃ¨ máº¥y bÃ  ğŸ‘‡,vietphuongthoa98,14000000,9,0,620400000,2100,316,tiktok.com/@vietphuongthoa98,Vietnamese
7365215735411491847,Robin Cuá»‘i Tuáº§n,False,Robin in da Weeknd.hanoi Má»™t chiáº¿c ğŸ‡©ğŸ‡ª xuáº¥t kháº©u ğŸ‡»ğŸ‡³,robincuoituan,5812,17,0,107700,30,200,tiktok.com/@robincuoituan,Vietnamese
7286794487329670162,ğ“² â¦,False,dramas & bl | esfp ğ–¦¹ izzy à¼„ free palestine!!,siwanv,540,54,0,33300,28,127,tiktok.com/@siwanv,English
7212995963454735386,NgÅ© A Ca â˜­,False,For work: truongsontay.official@gmail.com,nguaca99,291500,245,0,5400000,477,1204,tiktok.com/@nguaca99,Vietnamese
6689094695225050114,CA,False,Äá»“ trong vid cÃ³ bÃ¡n á»Ÿ link dÆ°á»›i nha,nthcamne21,45600,65,0,1400000,165,2640,tiktok.com/@nthcamne21,Vietnamese
6831130805299086337,VÅ© Cao TrÃ­,False,Fb: TrÃ­ Cao VÅ©,tricaovu,1008,16,0,31900,9,137,tiktok.com/@tricaovu,Vietnamese
6558620982306471938,Son Tung M-TP,False,Äá»ªNG LÃ€M TRÃI TIM ANH ÄAU â¤ï¸â€ğŸ©¹  ğŸ§©WATCH NOWğŸ§,tiger050794,5200000,0,0,52300000,90,64,tiktok.com/@tiger050794,Vietnamese
7325077094249563169,Drk ğŸ‡©ğŸ‡¿ âµ£,False,KABYLE  Insta : spam.boussad,boussad.010,5230,44,0,637400,72,699,tiktok.com/@boussad.010,Kabyle
6686113769553249281,Juni The Polyglot,False,ğŸ“ Sydney Instagram : achngjuni  YouTube channel: Juni the polyglot,achngjuni,404000,33,0,21400000,154,130600,tiktok.com/@achngjuni,English
7372405838533166088,ÄAM MÃª Phim,False,,am.m.phim2,47900,9,0,679900,50,237,tiktok.com/@am.m.phim2,Vietnamese
6948387624772191234,Äinh LÃª VÄƒn ThÃ¢n,False,"Open Tour,Ã” tÃ´ dá»± Ã¡n 4-29 chá»— VÅ©ng TÃ u Contact for work : 08 5709 5709",dinhlevanthan92,372200,600,0,6800000,612,2994,tiktok.com/@dinhlevanthan92,Vietnamese
6842219504597550081,Tháº¡ch Ngá»c Thuáº­n,False,"LÃ  giÃ¡o viÃªn dáº¡y tiáº¿ng Nháº­t cÃ³ sá»± nhiá»‡t huyáº¿t, Ä‘am mÃª vÃ  sÃ¡ng táº¡o ğŸ˜Š",yuuthach,22300,29,0,149300,96,6424,tiktok.com/@yuuthach,Vietnamese
7093893802729587713,Anh GÃ  Kon,False,,anhgakon,566100,91,0,4500000,66,1135,tiktok.com/@anhgakon,Vietnamese
6847081374001906690,ğŸš€HoÃ ng Lam Foodie ğŸ”¥ğŸ’¸ğŸ§€ğŸ”ğŸ¥©,False,FOR WORK : hoanglam.foodie@gmail.com Zalo : ï¼ï¼—ï¼–ï¼˜ï¼ï¼“ï¼ï¼•ï¼”ï¼—,hoanglam.foodie,3900000,468,0,152200000,1523,58400,tiktok.com/@hoanglam.foodie,Vietnamese
7287582870591652882,Tá»‹ch phong tá»­ nguyá»‡t lÃ¢uğŸŒ™,False,á» Ä‘Ã¢y cÃ³ ráº¥t nhiá»u sá»± xinh Ä‘áº¹p. ğŸ€ğŸ€ğŸ€ Cre: Douyin,mayyyy_1005,10100,4,0,191100,575,293,tiktok.com/@mayyyy_1005,Vietnamese
7296134641706124306,ğŸ‡»ğŸ‡³Tuáº¥n Trung Hoa ğŸ‡¨ğŸ‡³,False,LiÃªn Há»‡ BookingğŸ‘‡ğŸ» ğŸ“za.lo:0339.886.350â˜ï¸ ğŸ‘‡ğŸ»Mu@ hÃ ng nháº¯n bÃªn dÆ°á»›iğŸ‘‡ğŸ»,ytmanvlog,137600,5,0,1500000,104,14000,tiktok.com/@ytmanvlog,Vietnamese
7334389437771613192,ğ‘¹ğ’‚ğ’…ğ’Šğ’ ğ‘³ğ’ğ’ğ’†ğ’ğ’š,False,O Day Chi Co Suy,radiolonelyofficial,111900,62,0,5100000,283,578,tiktok.com/@radiolonelyofficial,Vietnamese
6964565594542212098,On Smart,True,,anhthu960311,69200,39,0,3000000,1211,2152,tiktok.com/@anhthu960311,Chinese
6565778662225969154,Phanh nÃ¨ğŸŒ¸,True,Dr for work ğŸ“¨ IG: phuonganh8677  acc phá»¥: @phanhday06,phuonganhle305,447400,60,0,11800000,272,91600,tiktok.com/@phuonganhle305,Vietnamese
7296096901471994882,â€œğ»ğ‘¢ğ‘¦ ğ´ğ‘›â„â€ â€¦,False,ThÃ­ch HÃ¡t ğŸ˜˜,huyanhzwsgu,23800,47,0,571800,91,255,tiktok.com/@huyanhzwsgu,Vietnamese
7239743983970550789,VTVcab Trending - Giáº£i trÃ­,False,LiÃªn há»‡ booking: trungtamonline@vtvcab.vn,vtvcab.trending,210000,7,0,12200000,1315,721,tiktok.com/@vtvcab.trending,Vietnamese
6762852220491006977,TiÃªn á» Trá» ChÆ¡i Tiktock,False,ğŸ‘‰Nháº­n máº«u áº£nh & review sáº£n pháº©m ğŸ‘ˆ     â™¥ï¸nháº¯n tin trá»±c tiáº¿p Ä‘á»ƒ gáº·p TiÃªnâ™¥ï¸,itnoichoiticktock,89800,17,0,673200,87,699,tiktok.com/@itnoichoiticktock,Vietnamese
7355693103964226593,British Comedy,False,Please help me get followers thank you ğŸ™ ğŸ’—,seanybritish,326100,3,0,1900000,149,12,tiktok.com/@seanybritish,English
7296964884301972485,Jairo SÃ¡nchez,False,Te ayudo a recuperar tu potencia masculina ğŸ”‹ â¬‡ï¸ ContÃ¡ctame â¬‡ï¸,kepotenciayvigor,56500,0,0,489800,337,0,tiktok.com/@kepotenciayvigor,Spanish
7344764750159365153,Troll ÄÆ°á»ng Phá»‘ğŸ‡»ğŸ‡³ğŸ‡»ğŸ‡³,False,,chiennrwnc9,46100,0,0,884300,152,113,tiktok.com/@chiennrwnc9,Vietnamese
7065177546750018607,ğ“—ğ“¸ğ“ªğ“·ğ“° ğ“¥ğ“²ğ“­,False,á» Ä‘Ã¢ğ•ª ğ•”Ã³ ğ•œğ•™ğ• áº£ğ•Ÿğ•™ ğ•œğ•™áº¯ğ•” ğ•™ğ•’ğ•ª ğ•¥ğ•£ğ• ğ•Ÿğ•˜ ğ•“Ã³ğ•Ÿğ•˜ Ä‘Ã¡,hoangvid,49600,0,0,813000,21,91,tiktok.com/@hoangvid,Vietnamese
7075161521516954626,Báº£o ÄÄƒng Pháº¡m,False,hieupham.la.vn@gmail.com  Follow kÃªnh Ä‘á»ƒ xem video cá»§a ÄÄƒng ğŸ‘†,phamhieu9990,606600,62,0,17800000,297,5419,tiktok.com/@phamhieu9990,Vietnamese
7357230542926496800,Diá»…m Nguyá»…n Academy,False,Yk,dim.nguyn.academy_52,4545,0,0,37100,15,0,tiktok.com/@dim.nguyn.academy_52,Vietnamese
7353591393661338657,khoahocvavutru,False,contact: kenladdy9@gmail.com á»§ng há»™ mÃ¬nh 1 sub trÃªn Youtube nhÃ©,khoahocvadoisong2,75600,0,0,1900000,48,8,tiktok.com/@khoahocvadoisong2,Vietnamese
6567303292568731650,Lam Nguyá»‡n á”.,False,MÃ£i yÃªu mÃ¹a hÃ¨ nÄƒm áº¥y ! BJYXSZD !  ruabienğŸ¢_team,lamnguyen_bxg,63100,1,0,5300000,609,2137,tiktok.com/@lamnguyen_bxg,Vietnamese
7368880929115309061,user7812671033356,False,,user7812671033356,9466,0,0,239400,39,6,tiktok.com/@user7812671033356,English
7154462326077277189,Renan Carneiro,False,ğŸ“§eusourenancarneiro@gmail.com   ğŸ“¦ PRODUCTS LINKSğŸ‘‡ğŸ¼,eusourenancarneiro,943500,144,0,11700000,183,239,tiktok.com/@eusourenancarneiro,Portuguese
6704856027727152129,trai quÃ£ng nam,False,tráº£i nghiá»‡m  nhá»¯ng Ä‘iá»u  hay lÃ nh máº¡nh trÃªn tiktok,phanvanhoan,4808,303,0,158700,828,1519,tiktok.com/@phanvanhoan,Vietnamese
7303547018677290030,OnlyFilms,False,Yo tu be:  Hoáº¡t HÃ¬nh vÃ  Sá»©c Khá»e,hoathinhvasuckhoe,35300,1,0,995000,92,124,tiktok.com/@hoathinhvasuckhoe,Vietnamese
7312972661825799200,HotMovieReview,False,,hotmoviereview,241200,7,0,2900000,257,1,tiktok.com/@hotmoviereview,English
66057738236,LÃª Báº£o,False,Nháº¡c Nge NhÆ° NgÆ°á»i Contact manager 0931.676.588 minhnhatdzvcl123@gmail.com,lebaoofficial,4600000,67,0,96000000,491,10600,tiktok.com/@lebaoofficial,Vietnamese
6921258877800252417,HuynhjR.07,False,Má»i ngÆ°á»i á»§ng há»™ em 1 Ä‘Æ¡n hÃ ng nhÃ© â¤ï¸ Äá»“ thá»ƒ thao cÃ³ háº¿t trog giá» hÃ ng nhÃ© ğŸ‘‡,huynhjr.07,10100,502,0,254600,20,1440,tiktok.com/@huynhjr.07,Vietnamese
7226573033149662214,congg SHOWBIZğŸ’¢,False,ğŸ’Œ thichsosanh.congg@gmail.com,congg_showbiz,43700,3,0,5900000,646,3054,tiktok.com/@congg_showbiz,Vietnamese
7197400619475649562,GGS68 TAIWAN,False,KÃªnh ThÃ´ng Tin NgÆ°á»i Viá»‡t Táº¡i ÄÃ i ğŸ‡¹ğŸ‡¼ LIÃŠN Há»† â¬‡ï¸â¬‡ï¸â¬‡ï¸,ggs68taiwan.official,514000,5,0,20600000,2322,590,tiktok.com/@ggs68taiwan.official,Vietnamese
7054429433449890842,DÆ°á»£c SÄ© Nhi Äá»“ng,True,THÃ”NG TIN Sá»¨C KHOáºº Máº¸ VÃ€ BÃ‰  For work: booking@wephar.vn ğŸ‘‡ Mua hÃ ng ğŸ‘‡,dsnhidong,774500,35,0,18100000,570,2673,tiktok.com/@dsnhidong,Vietnamese
7116099948038685722,Socotivi_Socolive,False,SOCOLIVE - XEM BD TRá»°C TIáº¾P 24H CÃ™NG BLV/MC,socotivi_socolive,222000,106,0,10400000,509,986,tiktok.com/@socotivi_socolive,Vietnamese
7138262258522063899,Háº¡nhNguyá»…nMiKiXi,False,Máº¹ bá»‰m sá»¯a Ä‘am mÃª thá»i trangğŸ‘—ğŸ‘‡,hanhnguyenmikixi,741500,33,0,10400000,358,674,tiktok.com/@hanhnguyenmikixi,Vietnamese
7233612501803303938,Tuáº¥n RÃ¢u,False,Chia sáº» cuá»™c sá»‘ng á»Ÿ Nháº­t cá»§a ngÆ°á»i khÃ´ng biáº¿t tiáº¿ng Nháº­t,tuanraujapan,67400,59,0,1000000,377,505,tiktok.com/@tuanraujapan,Vietnamese
6587328524414992385,Quá»³nh SÃ i GÃ²n Car ğŸš˜,False,ChÃ o má»«ng cáº£ nhÃ  Ä‘áº¿n vá»›i Em Quá»³nh Xe Äáº¹p  TÆ° váº¥n há»— trá»£ 24/7 â˜ï¸ 0823.07 Tá»© quÃ½ 2,bnquynh6789,23000,67,0,340800,288,2192,tiktok.com/@bnquynh6789,Vietnamese
6527157567952715788,Nghe VÄ©nh NÃ³i,False,1.7.2024 LÃ m GiÃ u hay LÃ m Nghá» Cá»™ng Ä‘á»“ng Nghe VÄ©nh NÃ³i,nghevinhnoi,206000,2667,0,2300000,608,6342,tiktok.com/@nghevinhnoi,Vietnamese
7355009414602015760,Tapon,False,,Tapon,0,0,0,0,0,0,tiktok.com/@Tapon,Spanish
7171367930349274139,"MÃª Quang Linh Diá»‡u LÃ¢m,Elm Pam",False,ğŸ“Œ10000 follows giÃºp mÃ¬nh Ä‘i cÃ¡c báº¡n Ãªi,dangdothichgi.vie,12000,8,0,1300000,575,3,tiktok.com/@dangdothichgi.vie,Vietnamese
7021843023252898843,YAN DIGITAL,True,KÃªnh nÃ y YAN Ä‘i sá»± kiá»‡n  Contact for work â˜ï¸ 0933826296 ğŸ“© thuanphat.bui@yan.vn,yancamydg,31800,1,0,1900000,308,974,tiktok.com/@yancamydg,Vietnamese
7260682552494228486,MC VIá»†T ANH - Máº¸O MC,False,MC sá»± kiá»‡n - MC Báº¥t Äá»™ng Sáº£n - Voice Talent â˜ï¸ LiÃªn há»‡ vá»›i tÃ´i ğŸ‘‡ğŸ»ğŸ‘‡ğŸ»ğŸ‘‡ğŸ»,mcvietanh.6868,7468,95,0,39800,120,1469,tiktok.com/@mcvietanh.6868,Vietnamese
6624310103955783682,Há»™i Gym 88,False,Táº­p online / Offline cÃ¹ng Há»™i Gym 88       Contact:Hoinc.it@gmail.com,hoigym88,251300,20,0,8100000,1609,841,tiktok.com/@hoigym88,Vietnamese
7363193632915375121,Wolf Workwear,False,,Wolf Workwear,0,0,0,0,0,0,tiktok.com/@Wolf Workwear,English
